{
 "code": {
  "name": "gradwave",
  "version": "0.1.0",
  "created": "2026-07-16T17:51:41"
 },
 "task": "relax",
 "structure": {
  "cell_ang": [
   [
    0.0,
    1.7835,
    1.7835
   ],
   [
    1.7835,
    0.0,
    1.7835
   ],
   [
    1.7835,
    1.7835,
    0.0
   ]
  ],
  "positions_ang": [
   [
    0.0,
    0.0,
    0.0
   ],
   [
    0.9518,
    0.8618,
    0.9318
   ]
  ],
  "species": [
   "C",
   "C"
  ],
  "volume_ang3": 11.34617131575,
  "spacegroup": "P-1 (2)"
 },
 "parameters": {
  "formalism": "nc",
  "xc": "pbe",
  "ecut_eV": 680.28,
  "ecutrho_eV": null,
  "kmesh": [
   4,
   4,
   4
  ],
  "nk": null,
  "kweights": null,
  "nspin": 1,
  "smearing": "none",
  "width_eV": 0.1,
  "symmetry": true,
  "pseudos": {
   "C": "C_ONCV_PBE-1.2.upf"
  }
 },
 "relax": {
  "converged": true,
  "n_steps": 3,
  "optimizer": "bfgs",
  "cell_relaxed": false,
  "fmax_target_eV_ang": 0.01,
  "energy_eV": -309.6887744673172,
  "fmax_eV_ang": 0.004747826378686493,
  "max_displacement_ang": 0.038980945865679656,
  "species": [
   "C",
   "C"
  ],
  "positions_ang": [
   [
    0.029960076087496495,
    -0.014932408595774667,
    0.019973260999228436
   ],
   [
    0.9218399239125035,
    0.8767324085957747,
    0.9118267390007715
   ]
  ],
  "cell_ang": [
   [
    0.0,
    1.7835,
    1.7835
   ],
   [
    1.7835,
    0.0,
    1.7835
   ],
   [
    1.7835,
    1.7835,
    0.0
   ]
  ],
  "volume_ang3": 11.34617131575,
  "trajectory": [
   {
    "step": 0,
    "energy_eV": -309.5591761678071,
    "fmax_eV_ang": 3.431507364046522,
    "positions_ang": [
     [
      0.0,
      0.0,
      0.0
     ],
     [
      0.9518,
      0.8618,
      0.9318
     ]
    ],
    "cell_ang": [
     [
      0.0,
      1.7835,
      1.7835
     ],
     [
      1.7835,
      0.0,
      1.7835
     ],
     [
      1.7835,
      1.7835,
      0.0
     ]
    ]
   },
   {
    "step": 1,
    "energy_eV": -309.68047248309256,
    "fmax_eV_ang": 0.7860378320805611,
    "positions_ang": [
     [
      0.03573403235464511,
      -0.02138422124703948,
      0.025863193667900207
     ],
     [
      0.9160659676453549,
      0.8831842212470395,
      0.9059368063320997
     ]
    ],
    "cell_ang": [
     [
      0.0,
      1.7835,
      1.7835
     ],
     [
      1.7835,
      0.0,
      1.7835
     ],
     [
      1.7835,
      1.7835,
      0.0
     ]
    ]
   },
   {
    "step": 2,
    "energy_eV": -309.6886355199851,
    "fmax_eV_ang": 0.1043190135702545,
    "positions_ang": [
     [
      0.03077889596377726,
      -0.01572840132638413,
      0.0207674851771818
     ],
     [
      0.9210211040362227,
      0.8775284013263842,
      0.9110325148228181
     ]
    ],
    "cell_ang": [
     [
      0.0,
      1.7835,
      1.7835
     ],
     [
      1.7835,
      0.0,
      1.7835
     ],
     [
      1.7835,
      1.7835,
      0.0
     ]
    ]
   },
   {
    "step": 3,
    "energy_eV": -309.6887744673172,
    "fmax_eV_ang": 0.004747826378686493,
    "positions_ang": [
     [
      0.029960076087496495,
      -0.014932408595774667,
      0.019973260999228436
     ],
     [
      0.9218399239125035,
      0.8767324085957747,
      0.9118267390007715
     ]
    ],
    "cell_ang": [
     [
      0.0,
      1.7835,
      1.7835
     ],
     [
      1.7835,
      0.0,
      1.7835
     ],
     [
      1.7835,
      1.7835,
      0.0
     ]
    ]
   }
  ]
 },
 "runtime_s": 35.57,
 "outputs": {
  "trajectory": "relax.xyz",
  "json": "relax.json",
  "report": "relax.out"
 }
}