{
  "scales": [
    0.94,
    0.96,
    0.98,
    1.0,
    1.02,
    1.04,
    1.06
  ],
  "energy_kind": "free_energy",
  "n_atoms": 2,
  "volumes_ang3_per_atom": [
    19.23091045249999,
    19.64007875999999,
    20.0492470675,
    20.458415374999984,
    20.8675836825,
    21.276751989999998,
    21.685920297500008
  ],
  "energies_eV_per_atom": [
    -107.2215427116721,
    -107.2359342293424,
    -107.24466974125559,
    -107.24830223051441,
    -107.24735829203613,
    -107.24225138208055,
    -107.23342748395388
  ],
  "fft_grid": [
    25,
    25,
    25
  ],
  "v0_ang3_per_atom": 20.572609066009218,
  "b0_GPa": 87.75615830837604,
  "b0_prime": 4.210808210429964,
  "e0_eV_per_atom": -107.24848164768343,
  "rms_residual_eV_per_atom": 3.542622221775494e-06,
  "b0_eV_ang3": 0.5477308584215443,
  "ev_a3_to_gpa": 160.2176634,
  "all_converged": true,
  "delta_meV_vs_wien2k": 2.2781568242856145
}