{
 "Li": {
  "v0": 20.29132690619085,
  "b0": 13.918846332758505,
  "b1": 3.363036276963597,
  "delta_wien2k": 0.22010039667836465,
  "dfact_pdojo": 0.173,
  "v0_wien2k": 20.2191,
  "b0_wien2k": 13.839,
  "b1_wien2k": 3.34
 },
 "Na": {
  "v0": 36.99564760281427,
  "b0": 7.795540814864777,
  "b1": 3.6932838418712888,
  "delta_wien2k": 0.7817979467178079,
  "dfact_pdojo": 0.435,
  "v0_wien2k": 37.4686,
  "b0_wien2k": 7.472,
  "b1_wien2k": 3.77
 },
 "K": {
  "v0": 73.69739342401982,
  "b0": 3.5963290125155067,
  "b1": 3.774088570141925,
  "delta_wien2k": 0.010483980874532523,
  "dfact_pdojo": 0.177,
  "v0_wien2k": 73.6793,
  "b0_wien2k": 3.574,
  "b1_wien2k": 4.59
 },
 "Ca": {
  "v0": 42.15630449667375,
  "b0": 17.379749083649344,
  "b1": 3.1736234408390236,
  "delta_wien2k": 0.1699160529133914,
  "dfact_pdojo": 0.063,
  "v0_wien2k": 42.1991,
  "b0_wien2k": 17.114,
  "b1_wien2k": 3.31
 },
 "Sr": {
  "v0": 54.44718624890391,
  "b0": 11.379356107013756,
  "b1": 4.008891262089392,
  "delta_wien2k": 0.17071517447175213,
  "dfact_pdojo": 1.32,
  "v0_wien2k": 54.5272,
  "b0_wien2k": 11.256,
  "b1_wien2k": 3.49
 },
 "Al": {
  "v0": 16.428070796511996,
  "b0": 80.30639374847861,
  "b1": 4.654912971363613,
  "delta_wien2k": 0.8690355093214962,
  "dfact_pdojo": 0.542,
  "v0_wien2k": 16.4796,
  "b0_wien2k": 78.077,
  "b1_wien2k": 4.57
 },
 "Si": {
  "v0": 20.44777012244156,
  "b0": 88.36952797603918,
  "b1": 4.289155867412496,
  "delta_wien2k": 0.1089893967783143,
  "dfact_pdojo": 0.146,
  "v0_wien2k": 20.453,
  "b0_wien2k": 88.545,
  "b1_wien2k": 4.31
 },
 "Ge": {
  "v0": 23.942161454315006,
  "b0": 58.46362238647338,
  "b1": 4.662471239358216,
  "delta_wien2k": 0.31113526354726606,
  "dfact_pdojo": 0.485,
  "v0_wien2k": 23.9148,
  "b0_wien2k": 59.128,
  "b1_wien2k": 4.99
 },
 "Sn": {
  "v0": 36.860027946182726,
  "b0": 35.82028120716201,
  "b1": 5.290415400548842,
  "delta_wien2k": 0.40559084111242716,
  "dfact_pdojo": 0.772,
  "v0_wien2k": 36.8166,
  "b0_wien2k": 36.03,
  "b1_wien2k": 4.64
 },
 "V": {
  "v0": 13.474783730989268,
  "b0": 178.5436748738865,
  "b1": 3.518928603766096,
  "delta_wien2k": 0.844727122284326,
  "dfact_pdojo": 1.337,
  "v0_wien2k": 13.452,
  "b0_wien2k": 181.674,
  "b1_wien2k": 3.75
 },
 "Nb": {
  "v0": 18.122763810866534,
  "b0": 170.99658788044442,
  "b1": 3.855493947269256,
  "delta_wien2k": 0.45413292578666703,
  "dfact_pdojo": 1.292,
  "v0_wien2k": 18.1368,
  "b0_wien2k": 171.27,
  "b1_wien2k": 3.55
 },
 "Ta": {
  "v0": 18.305228089084775,
  "b0": 190.8023616864385,
  "b1": 3.5702474678739122,
  "delta_wien2k": 0.8275334777214722,
  "dfact_pdojo": 0.739,
  "v0_wien2k": 18.2856,
  "b0_wien2k": 195.147,
  "b1_wien2k": 3.71
 },
 "Mo": {
  "v0": 15.796553502466804,
  "b0": 260.4323022451441,
  "b1": 4.333913705759441,
  "delta_wien2k": 0.6227605834144045,
  "dfact_pdojo": 1.405,
  "v0_wien2k": 15.7862,
  "b0_wien2k": 258.928,
  "b1_wien2k": 4.33
 },
 "W": {
  "v0": 16.121900726179156,
  "b0": 300.2575629169869,
  "b1": 4.572241542412885,
  "delta_wien2k": 1.0667365296499118,
  "dfact_pdojo": 0.188,
  "v0_wien2k": 16.1394,
  "b0_wien2k": 301.622,
  "b1_wien2k": 4.28
 },
 "Cu": {
  "v0": 12.196444802419027,
  "b0": 157.5092471383447,
  "b1": 2.7643942780143163,
  "delta_wien2k": 7.889210351527891,
  "dfact_pdojo": 0.533,
  "v0_wien2k": 11.9511,
  "b0_wien2k": 141.335,
  "b1_wien2k": 4.86
 },
 "Ag": {
  "v0": 17.84684433039879,
  "b0": 90.31173764953091,
  "b1": 5.969574000468159,
  "delta_wien2k": 0.07696020017431221,
  "dfact_pdojo": 0.315,
  "v0_wien2k": 17.8471,
  "b0_wien2k": 90.148,
  "b1_wien2k": 5.42
 },
 "Au": {
  "v0": 17.922864215964108,
  "b0": 141.9162184196836,
  "b1": 5.879159367929456,
  "delta_wien2k": 1.5362027243243097,
  "dfact_pdojo": 1.349,
  "v0_wien2k": 17.9745,
  "b0_wien2k": 139.109,
  "b1_wien2k": 5.76
 },
 "Pd": {
  "v0": 15.253546036653375,
  "b0": 173.2266082973163,
  "b1": 5.552662915421895,
  "delta_wien2k": 2.078731547694991,
  "dfact_pdojo": 1.135,
  "v0_wien2k": 15.3101,
  "b0_wien2k": 168.629,
  "b1_wien2k": 5.56
 },
 "Pt": {
  "v0": 15.592479917355249,
  "b0": 251.2948002942635,
  "b1": 5.427914312999809,
  "delta_wien2k": 2.6965453174123595,
  "dfact_pdojo": 0.632,
  "v0_wien2k": 15.642,
  "b0_wien2k": 248.711,
  "b1_wien2k": 5.46
 },
 "Ir": {
  "v0": 14.475991679339684,
  "b0": 348.8128315269637,
  "b1": 5.0879502848459595,
  "delta_wien2k": 1.888760672881185,
  "dfact_pdojo": 1.452,
  "v0_wien2k": 14.5004,
  "b0_wien2k": 347.68,
  "b1_wien2k": 5.18
 },
 "Rh": {
  "v0": 14.064133503450806,
  "b0": 257.74430698969906,
  "b1": 5.1783401310599615,
  "delta_wien2k": 1.3485160431931504,
  "dfact_pdojo": 2.564,
  "v0_wien2k": 14.0396,
  "b0_wien2k": 257.824,
  "b1_wien2k": 5.32
 },
 "Pb": {
  "v0": 31.81633331585012,
  "b0": 40.83541949997049,
  "b1": 6.043821483960783,
  "delta_wien2k": 1.4627679724678768,
  "dfact_pdojo": 0.063,
  "v0_wien2k": 32.0028,
  "b0_wien2k": 39.544,
  "b1_wien2k": 4.53
 }
}