{
 "struct": "bcc",
 "nspin": 1,
 "fft": [
  30,
  30,
  30
 ],
 "dfact_pdojo": 0.739,
 "E_eV": {
  "0.94": -1771.5050511022114,
  "0.96": -1771.5301215539182,
  "0.98": -1771.5446962831534,
  "1.0": -1771.5496733636405,
  "1.02": -1771.5458935300503,
  "1.04": -1771.5341314772706,
  "1.06": -1771.5150801050622
 },
 "V_A3": {
  "0.94": 17.188463999999993,
  "0.96": 17.55417599999999,
  "0.98": 17.919887999999993,
  "1.0": 18.285599999999995,
  "1.02": 18.651311999999994,
  "1.04": 19.017024,
  "1.06": 19.382735999999998
 },
 "mag": {},
 "sec": {
  "0.94": 41.4,
  "0.96": 38.2,
  "0.98": 39.1,
  "1.0": 38.1,
  "1.02": 38.0,
  "1.04": 38.4,
  "1.06": 39.0
 },
 "it": {
  "0.94": 9,
  "0.96": 8,
  "0.98": 8,
  "1.0": 8,
  "1.02": 8,
  "1.04": 8,
  "1.06": 8
 },
 "gb": {
  "0.94": 2.91,
  "0.96": 3.2,
  "0.98": 3.23,
  "1.0": 3.27,
  "1.02": 3.27,
  "1.04": 3.3,
  "1.06": 3.32
 }
}