{
 "struct": "fcc",
 "nspin": 1,
 "fft": [
  35,
  35,
  35
 ],
 "dfact_pdojo": 1.349,
 "E_eV": {
  "0.94": -4032.6860087284313,
  "0.96": -4032.703811909756,
  "0.98": -4032.7133868920396,
  "1.0": -4032.715780667678,
  "1.02": -4032.7118721603056,
  "1.04": -4032.7024791448157,
  "1.06": -4032.6884124260064
 },
 "V_A3": {
  "0.94": 16.896029999999993,
  "0.96": 17.255519999999983,
  "0.98": 17.61500999999999,
  "1.0": 17.974499999999992,
  "1.02": 18.333989999999993,
  "1.04": 18.693479999999997,
  "1.06": 19.052969999999995
 },
 "mag": {},
 "sec": {
  "0.94": 99.3,
  "0.96": 97.1,
  "0.98": 98.5,
  "1.0": 97.0,
  "1.02": 96.5,
  "1.04": 98.6,
  "1.06": 98.5
 },
 "it": {
  "0.94": 10,
  "0.96": 9,
  "0.98": 9,
  "1.0": 9,
  "1.02": 9,
  "1.04": 9,
  "1.06": 9
 },
 "gb": {
  "0.94": 3.58,
  "0.96": 3.92,
  "0.98": 3.96,
  "1.0": 4.0,
  "1.02": 4.04,
  "1.04": 4.09,
  "1.06": 4.11
 }
}