{
 "struct": "fcc",
 "nspin": 1,
 "fft": [
  35,
  35,
  35
 ],
 "dfact_pdojo": 0.315,
 "E_eV": {
  "0.94": -4218.261581908868,
  "0.96": -4218.273647926536,
  "0.98": -4218.280372507745,
  "1.0": -4218.282471754694,
  "1.02": -4218.280555238979,
  "1.04": -4218.275137602542,
  "1.06": -4218.266655150177
 },
 "V_A3": {
  "0.94": 16.77627399999999,
  "0.96": 17.13321599999999,
  "0.98": 17.490157999999997,
  "1.0": 17.847099999999998,
  "1.02": 18.20404199999999,
  "1.04": 18.560983999999994,
  "1.06": 18.917926
 },
 "mag": {},
 "sec": {
  "0.94": 101.9,
  "0.96": 107.5,
  "0.98": 110.3,
  "1.0": 107.9,
  "1.02": 112.5,
  "1.04": 116.1,
  "1.06": 117.7
 },
 "it": {
  "0.94": 10,
  "0.96": 10,
  "0.98": 10,
  "1.0": 10,
  "1.02": 10,
  "1.04": 10,
  "1.06": 10
 },
 "gb": {
  "0.94": 3.61,
  "0.96": 3.93,
  "0.98": 3.96,
  "1.0": 4.0,
  "1.02": 4.04,
  "1.04": 4.08,
  "1.06": 4.11
 }
}