{
 "struct": "fcc",
 "nspin": 1,
 "fft": [
  35,
  35,
  35
 ],
 "dfact_pdojo": 2.564,
 "E_eV": {
  "0.94": -3191.535204875346,
  "0.96": -3191.562752726617,
  "0.98": -3191.5786267554818,
  "1.0": -3191.584171943236,
  "1.02": -3191.580585648784,
  "1.04": -3191.568930098323,
  "1.06": -3191.550154392945
 },
 "V_A3": {
  "0.94": 13.197223999999993,
  "0.96": 13.478015999999998,
  "0.98": 13.758808,
  "1.0": 14.0396,
  "1.02": 14.320391999999995,
  "1.04": 14.601183999999991,
  "1.06": 14.881975999999996
 },
 "mag": {},
 "sec": {
  "0.94": 87.0,
  "0.96": 90.3,
  "0.98": 92.0,
  "1.0": 94.2,
  "1.02": 96.4,
  "1.04": 99.0,
  "1.06": 102.2
 },
 "it": {
  "0.94": 10,
  "0.96": 10,
  "0.98": 10,
  "1.0": 10,
  "1.02": 10,
  "1.04": 10,
  "1.06": 10
 },
 "gb": {
  "0.94": 3.33,
  "0.96": 3.62,
  "0.98": 3.65,
  "1.0": 3.69,
  "1.02": 3.71,
  "1.04": 3.74,
  "1.06": 3.77
 }
}