{
 "struct": "bcc",
 "nspin": 1,
 "fft": [
  54,
  54,
  54
 ],
 "dfact_pdojo": 0.177,
 "E_eV": {
  "0.94": -817.8300947474002,
  "0.96": -817.8319769295778,
  "0.98": -817.8330562007632,
  "1.0": -817.8334060670738,
  "1.02": -817.8330933911209,
  "1.04": -817.8321785147475,
  "1.06": -817.8307152887287
 },
 "V_A3": {
  "0.94": 69.25854199999996,
  "0.96": 70.73212799999996,
  "0.98": 72.20571399999999,
  "1.0": 73.6793,
  "1.02": 75.152886,
  "1.04": 76.62647200000002,
  "1.06": 78.100058
 },
 "mag": {},
 "sec": {
  "0.94": 371.0,
  "0.96": 378.5,
  "0.98": 355.3,
  "1.0": 164.1,
  "1.02": 150.5,
  "1.04": 154.9,
  "1.06": 161.0
 },
 "it": {
  "0.94": 10,
  "0.96": 10,
  "0.98": 9,
  "1.0": 10,
  "1.02": 9,
  "1.04": 9,
  "1.06": 9
 },
 "gb": {
  "0.94": 0.0,
  "0.96": 0.0,
  "0.98": 0.0,
  "1.0": 4.15,
  "1.02": 4.82,
  "1.04": 4.87,
  "1.06": 4.94
 }
}