{
 "struct": "diamond",
 "nspin": 1,
 "fft": [
  48,
  48,
  48
 ],
 "dfact_pdojo": 0.485,
 "E_eV": {
  "0.94": -4861.071100434759,
  "0.96": -4861.091799740113,
  "0.98": -4861.103817499262,
  "1.0": -4861.107727992086,
  "1.02": -4861.104796509499,
  "1.04": -4861.095598531585,
  "1.06": -4861.080675887735
 },
 "V_A3": {
  "0.94": 44.959823999999955,
  "0.96": 45.91641599999999,
  "0.98": 46.87300799999998,
  "1.0": 47.82959999999998,
  "1.02": 48.78619199999998,
  "1.04": 49.74278399999997,
  "1.06": 50.69937599999999
 },
 "mag": {},
 "sec": {
  "0.94": 68.2,
  "0.96": 67.1,
  "0.98": 67.7,
  "1.0": 68.4,
  "1.02": 69.0,
  "1.04": 70.1,
  "1.06": 70.1
 },
 "it": {
  "0.94": 11,
  "0.96": 10,
  "0.98": 10,
  "1.0": 10,
  "1.02": 10,
  "1.04": 10,
  "1.06": 10
 },
 "gb": {
  "0.94": 3.06,
  "0.96": 3.43,
  "0.98": 3.46,
  "1.0": 3.49,
  "1.02": 3.51,
  "1.04": 3.55,
  "1.06": 3.57
 }
}