{
 "struct": "fcc",
 "nspin": 2,
 "fft": [
  35,
  35,
  35
 ],
 "dfact_pdojo": 1.065,
 "E_eV": {
  "0.94": -4565.767922793726,
  "0.96": -4565.784955016398,
  "0.98": -4565.795013883477,
  "1.0": -4565.798849939426,
  "1.02": -4565.79714641281,
  "1.04": -4565.790521190236,
  "1.06": -4565.779520697766
 },
 "V_A3": {
  "0.94": 10.234343999999997,
  "0.96": 10.452095999999996,
  "0.98": 10.669848000000002,
  "1.0": 10.887599999999997,
  "1.02": 11.105352000000002,
  "1.04": 11.323103999999995,
  "1.06": 11.540856
 },
 "mag": {
  "0.94": 0.6687869784886535,
  "0.96": 0.680420209353693,
  "0.98": 0.6888097949870735,
  "1.0": 0.6951023669443115,
  "1.02": 0.7000178374614495,
  "1.04": 0.7040174810031842,
  "1.06": 0.707398899722002
 },
 "sec": {
  "0.94": 98.7,
  "0.96": 90.5,
  "0.98": 84.8,
  "1.0": 85.8,
  "1.02": 87.4,
  "1.04": 88.9,
  "1.06": 89.9
 },
 "it": {
  "0.94": 12,
  "0.96": 10,
  "0.98": 9,
  "1.0": 9,
  "1.02": 9,
  "1.04": 9,
  "1.06": 9
 },
 "gb": {
  "0.94": 2.69,
  "0.96": 2.89,
  "0.98": 2.9,
  "1.0": 2.92,
  "1.02": 2.93,
  "1.04": 2.96,
  "1.06": 2.97
 }
}