{
 "struct": "fcc",
 "nspin": 1,
 "fft": [
  35,
  35,
  35
 ],
 "dfact_pdojo": 0.632,
 "E_eV": {
  "0.94": -3553.5427930004757,
  "0.96": -3553.569767722473,
  "0.98": -3553.5842524369386,
  "1.0": -3553.5877487063462,
  "1.02": -3553.58158351664,
  "1.04": -3553.5669267053636,
  "1.06": -3553.54482753336
 },
 "V_A3": {
  "0.94": 14.703479999999995,
  "0.96": 15.016319999999995,
  "0.98": 15.329159999999995,
  "1.0": 15.641999999999989,
  "1.02": 15.95483999999999,
  "1.04": 16.26767999999999,
  "1.06": 16.580519999999993
 },
 "mag": {},
 "sec": {
  "0.94": 91.0,
  "0.96": 102.4,
  "0.98": 101.0,
  "1.0": 104.6,
  "1.02": 103.6,
  "1.04": 105.2,
  "1.06": 109.8
 },
 "it": {
  "0.94": 9,
  "0.96": 9,
  "0.98": 9,
  "1.0": 9,
  "1.02": 9,
  "1.04": 9,
  "1.06": 9
 },
 "gb": {
  "0.94": 3.75,
  "0.96": 4.19,
  "0.98": 4.26,
  "1.0": 4.29,
  "1.02": 4.32,
  "1.04": 4.36,
  "1.06": 4.4
 }
}