{
 "struct": "bcc",
 "nspin": 2,
 "fft": [
  32,
  32,
  32
 ],
 "dfact_pdojo": 5.599,
 "E_eV": {
  "0.94": -3410.6175207328897,
  "0.96": -3410.63482243207,
  "0.98": -3410.6472034393,
  "1.0": -3410.6538233118854,
  "1.02": -3410.654321528955,
  "1.04": -3410.649417857693,
  "1.06": -3410.640951070826
 },
 "V_A3": {
  "0.94": 10.662984,
  "0.96": 10.889855999999995,
  "0.98": 11.116727999999995,
  "1.0": 11.3436,
  "1.02": 11.570472000000002,
  "1.04": 11.797344000000004,
  "1.06": 12.024216
 },
 "mag": {
  "0.94": 2.130464299566412,
  "0.96": 2.187773171545953,
  "0.98": 2.2382924788420295,
  "1.0": 2.2711713373627083,
  "1.02": 2.2987997692280286,
  "1.04": 2.3356737754484835,
  "1.06": 2.3947207757526896
 },
 "sec": {
  "0.94": 62.3,
  "0.96": 58.0,
  "0.98": 57.6,
  "1.0": 58.6,
  "1.02": 55.3,
  "1.04": 61.0,
  "1.06": 61.7
 },
 "it": {
  "0.94": 12,
  "0.96": 10,
  "0.98": 10,
  "1.0": 10,
  "1.02": 9,
  "1.04": 10,
  "1.06": 10
 },
 "gb": {
  "0.94": 2.22,
  "0.96": 2.41,
  "0.98": 2.41,
  "1.0": 2.43,
  "1.02": 2.44,
  "1.04": 2.46,
  "1.06": 2.47
 }
}