{
 "struct": "fcc",
 "nspin": 1,
 "fft": [
  35,
  35,
  35
 ],
 "dfact_pdojo": 1.135,
 "E_eV": {
  "0.94": -3686.8436818624646,
  "0.96": -3686.861707459913,
  "0.98": -3686.87129707062,
  "1.0": -3686.873475224556,
  "1.02": -3686.8691552057435,
  "1.04": -3686.859142498861,
  "1.06": -3686.844152203803
 },
 "V_A3": {
  "0.94": 14.391493999999998,
  "0.96": 14.697696000000002,
  "0.98": 15.003897999999998,
  "1.0": 15.310099999999998,
  "1.02": 15.616302,
  "1.04": 15.922503999999995,
  "1.06": 16.228706000000003
 },
 "mag": {},
 "sec": {
  "0.94": 103.5,
  "0.96": 94.7,
  "0.98": 95.5,
  "1.0": 100.2,
  "1.02": 107.7,
  "1.04": 106.2,
  "1.06": 109.7
 },
 "it": {
  "0.94": 11,
  "0.96": 9,
  "0.98": 9,
  "1.0": 9,
  "1.02": 10,
  "1.04": 10,
  "1.06": 10
 },
 "gb": {
  "0.94": 3.47,
  "0.96": 3.78,
  "0.98": 3.8,
  "1.0": 3.83,
  "1.02": 3.87,
  "1.04": 3.92,
  "1.06": 3.94
 }
}