{
 "struct": "fcc",
 "nspin": 1,
 "fft": [
  48,
  48,
  48
 ],
 "dfact_pdojo": 1.32,
 "E_eV": {
  "0.94": -931.5293250860748,
  "0.96": -931.5336037513654,
  "0.98": -931.5359861784751,
  "1.0": -931.5366667395272,
  "1.02": -931.5358116431236,
  "1.04": -931.5335633424679,
  "1.06": -931.5300420811798
 },
 "V_A3": {
  "0.94": 51.25556799999998,
  "0.96": 52.34611199999998,
  "0.98": 53.436655999999985,
  "1.0": 54.527199999999986,
  "1.02": 55.61774399999999,
  "1.04": 56.70828799999995,
  "1.06": 57.798832
 },
 "mag": {},
 "sec": {
  "0.94": 65.3,
  "0.96": 67.4,
  "0.98": 67.5,
  "1.0": 68.2,
  "1.02": 69.4,
  "1.04": 72.0,
  "1.06": 74.5
 },
 "it": {
  "0.94": 9,
  "0.96": 9,
  "0.98": 9,
  "1.0": 9,
  "1.02": 9,
  "1.04": 9,
  "1.06": 9
 },
 "gb": {
  "0.94": 3.41,
  "0.96": 3.84,
  "0.98": 3.86,
  "1.0": 3.9,
  "1.02": 3.93,
  "1.04": 3.97,
  "1.06": 4.0
 }
}