{
 "struct": "bcc",
 "nspin": 1,
 "fft": [
  35,
  35,
  35
 ],
 "dfact_pdojo": 1.405,
 "E_eV": {
  "0.94": -1912.3196599152786,
  "0.96": -1912.3495493528842,
  "0.98": -1912.366699722745,
  "1.0": -1912.3723749333376,
  "1.02": -1912.3677355201128,
  "1.04": -1912.3538336440515,
  "1.06": -1912.3316210607675
 },
 "V_A3": {
  "0.94": 14.839027999999994,
  "0.96": 15.154751999999998,
  "0.98": 15.470476,
  "1.0": 15.786199999999994,
  "1.02": 16.101924,
  "1.04": 16.417648,
  "1.06": 16.73337199999999
 },
 "mag": {},
 "sec": {
  "0.94": 61.1,
  "0.96": 57.2,
  "0.98": 61.1,
  "1.0": 60.9,
  "1.02": 61.8,
  "1.04": 63.0,
  "1.06": 66.3
 },
 "it": {
  "0.94": 9,
  "0.96": 8,
  "0.98": 9,
  "1.0": 9,
  "1.02": 9,
  "1.04": 9,
  "1.06": 9
 },
 "gb": {
  "0.94": 3.19,
  "0.96": 3.48,
  "0.98": 3.5,
  "1.0": 3.55,
  "1.02": 3.56,
  "1.04": 3.6,
  "1.06": 3.63
 }
}