{
 "struct": "bcc",
 "nspin": 1,
 "fft": [
  45,
  45,
  45
 ],
 "dfact_pdojo": 0.435,
 "E_eV": {
  "0.94": -1243.939282085672,
  "0.96": -1243.9407966031881,
  "0.98": -1243.941468652882,
  "1.0": -1243.9413753115994,
  "1.02": -1243.9405858608347,
  "1.04": -1243.9391631537053,
  "1.06": -1243.9371641053742
 },
 "V_A3": {
  "0.94": 35.22048399999998,
  "0.96": 35.96985600000001,
  "0.98": 36.719227999999994,
  "1.0": 37.468599999999995,
  "1.02": 38.217971999999996,
  "1.04": 38.967344000000004,
  "1.06": 39.716716
 },
 "mag": {},
 "sec": {
  "0.94": 96.2,
  "0.96": 106.0,
  "0.98": 105.5,
  "1.0": 105.3,
  "1.02": 106.8,
  "1.04": 106.2,
  "1.06": 108.7
 },
 "it": {
  "0.94": 9,
  "0.96": 9,
  "0.98": 9,
  "1.0": 9,
  "1.02": 9,
  "1.04": 9,
  "1.06": 9
 },
 "gb": {
  "0.94": 3.26,
  "0.96": 3.74,
  "0.98": 3.79,
  "1.0": 3.85,
  "1.02": 3.88,
  "1.04": 3.93,
  "1.06": 3.98
 }
}