{
 "struct": "fcc",
 "nspin": 1,
 "fft": [
  40,
  40,
  40
 ],
 "dfact_pdojo": 0.063,
 "E_eV": {
  "0.94": -1915.1999118389936,
  "0.96": -1915.2084414953754,
  "0.98": -1915.2127935818742,
  "1.0": -1915.2135006984563,
  "1.02": -1915.211062532329,
  "1.04": -1915.205898925352,
  "1.06": -1915.1983514793696
 },
 "V_A3": {
  "0.94": 30.082631999999997,
  "0.96": 30.72268799999998,
  "0.98": 31.36274399999998,
  "1.0": 32.002799999999986,
  "1.02": 32.642856,
  "1.04": 33.282911999999996,
  "1.06": 33.922968000000004
 },
 "mag": {},
 "sec": {
  "0.94": 81.0,
  "0.96": 85.9,
  "0.98": 85.6,
  "1.0": 89.1,
  "1.02": 94.1,
  "1.04": 94.0,
  "1.06": 98.8
 },
 "it": {
  "0.94": 9,
  "0.96": 9,
  "0.98": 9,
  "1.0": 9,
  "1.02": 9,
  "1.04": 9,
  "1.06": 9
 },
 "gb": {
  "0.94": 3.04,
  "0.96": 3.41,
  "0.98": 3.46,
  "1.0": 3.5,
  "1.02": 3.53,
  "1.04": 3.56,
  "1.06": 3.6
 }
}