{
 "struct": "diamond",
 "nspin": 1,
 "fft": [
  35,
  35,
  35
 ],
 "dfact_pdojo": 0.146,
 "E_eV": {
  "0.94": -230.2311401968528,
  "0.96": -230.25688418642036,
  "0.98": -230.27147861554397,
  "1.0": -230.27603766811743,
  "1.02": -230.2715649148295,
  "1.04": -230.2589733840366,
  "1.06": -230.23908595842494
 },
 "V_A3": {
  "0.94": 38.45163999999998,
  "0.96": 39.26976,
  "0.98": 40.08788,
  "1.0": 40.906,
  "1.02": 41.72412,
  "1.04": 42.54223999999997,
  "1.06": 43.36036000000001
 },
 "mag": {},
 "sec": {
  "0.94": 42.9,
  "0.96": 48.3,
  "0.98": 48.6,
  "1.0": 47.8,
  "1.02": 44.9,
  "1.04": 43.7,
  "1.06": 44.2
 },
 "it": {
  "0.94": 9,
  "0.96": 8,
  "0.98": 8,
  "1.0": 8,
  "1.02": 8,
  "1.04": 8,
  "1.06": 8
 },
 "gb": {
  "0.94": 0.0,
  "0.96": 0.0,
  "0.98": 0.0,
  "1.0": 0.0,
  "1.02": 0.0,
  "1.04": 0.0,
  "1.06": 0.0
 }
}