{
 "struct": "fcc",
 "nspin": 1,
 "fft": [
  42,
  42,
  42
 ],
 "dfact_pdojo": 0.063,
 "E_eV": {
  "0.94": -1053.399434208463,
  "0.96": -1053.404422395389,
  "0.98": -1053.4072560331597,
  "1.0": -1053.408102814974,
  "1.02": -1053.407120896917,
  "1.04": -1053.404458709036,
  "1.06": -1053.4002553217983
 },
 "V_A3": {
  "0.94": 39.66715399999998,
  "0.96": 40.511136000000015,
  "0.98": 41.355118,
  "1.0": 42.19909999999998,
  "1.02": 43.043082,
  "1.04": 43.887063999999995,
  "1.06": 44.73104599999999
 },
 "mag": {},
 "sec": {
  "0.94": 113.5,
  "0.96": 123.2,
  "0.98": 123.2,
  "1.0": 124.2,
  "1.02": 123.3,
  "1.04": 124.6,
  "1.06": 132.7
 },
 "it": {
  "0.94": 9,
  "0.96": 9,
  "0.98": 9,
  "1.0": 9,
  "1.02": 9,
  "1.04": 9,
  "1.06": 10
 },
 "gb": {
  "0.94": 3.75,
  "0.96": 4.29,
  "0.98": 4.32,
  "1.0": 4.37,
  "1.02": 4.43,
  "1.04": 4.47,
  "1.06": 3.99
 }
}