{
 "struct": "fcc",
 "nspin": 1,
 "fft": [
  25,
  25,
  25
 ],
 "dfact_pdojo": 0.542,
 "E_eV": {
  "0.94": -63.05439641754375,
  "0.96": -63.06329981795385,
  "0.98": -63.06814642589642,
  "1.0": -63.069332896640276,
  "1.02": -63.06723919771597,
  "1.04": -63.062233040486696,
  "1.06": -63.05466197034751
 },
 "V_A3": {
  "0.94": 15.490823999999995,
  "0.96": 15.820416,
  "0.98": 16.150007999999993,
  "1.0": 16.4796,
  "1.02": 16.809191999999996,
  "1.04": 17.13878399999999,
  "1.06": 17.468376
 },
 "mag": {},
 "sec": {
  "0.94": 13.8,
  "0.96": 14.0,
  "0.98": 13.9,
  "1.0": 13.9,
  "1.02": 14.1,
  "1.04": 14.4,
  "1.06": 14.1
 },
 "it": {
  "0.94": 8,
  "0.96": 7,
  "0.98": 7,
  "1.0": 7,
  "1.02": 7,
  "1.04": 7,
  "1.06": 7
 },
 "gb": {
  "0.94": 1.53,
  "0.96": 1.63,
  "0.98": 1.64,
  "1.0": 1.65,
  "1.02": 1.65,
  "1.04": 1.67,
  "1.06": 1.67
 }
}