{
 "struct": "diamond",
 "nspin": 1,
 "fft": [
  54,
  54,
  54
 ],
 "dfact_pdojo": 0.772,
 "E_eV": {
  "0.94": -4288.896436981149,
  "0.96": -4288.916336193521,
  "0.98": -4288.9277288153535,
  "1.0": -4288.931501818508,
  "1.02": -4288.928802378408,
  "1.04": -4288.92010634245,
  "1.06": -4288.9063278800395
 },
 "V_A3": {
  "0.94": 69.21520800000003,
  "0.96": 70.68787199999997,
  "0.98": 72.16053600000001,
  "1.0": 73.6332,
  "1.02": 75.10586400000001,
  "1.04": 76.57852799999996,
  "1.06": 78.05119199999996
 },
 "mag": {},
 "sec": {
  "0.94": 110.9,
  "0.96": 102.3,
  "0.98": 102.6,
  "1.0": 104.7,
  "1.02": 105.3,
  "1.04": 107.6,
  "1.06": 112.7
 },
 "it": {
  "0.94": 12,
  "0.96": 10,
  "0.98": 10,
  "1.0": 10,
  "1.02": 10,
  "1.04": 10,
  "1.06": 11
 },
 "gb": {
  "0.94": 3.58,
  "0.96": 4.09,
  "0.98": 4.13,
  "1.0": 4.17,
  "1.02": 4.21,
  "1.04": 4.25,
  "1.06": 4.29
 }
}