{
 "struct": "fcc",
 "nspin": 1,
 "fft": [
  32,
  32,
  32
 ],
 "dfact_pdojo": 1.452,
 "E_eV": {
  "0.94": -3133.575459114134,
  "0.96": -3133.611079441388,
  "0.98": -3133.6307101096836,
  "1.0": -3133.636175329568,
  "1.02": -3133.6290996011508,
  "1.04": -3133.6109287154804,
  "1.06": -3133.582949437755
 },
 "V_A3": {
  "0.94": 13.630375999999998,
  "0.96": 13.920383999999997,
  "0.98": 14.210391999999999,
  "1.0": 14.500399999999999,
  "1.02": 14.790408,
  "1.04": 15.080416000000003,
  "1.06": 15.370424000000003
 },
 "mag": {},
 "sec": {
  "0.94": 68.9,
  "0.96": 67.2,
  "0.98": 65.5,
  "1.0": 67.6,
  "1.02": 67.7,
  "1.04": 68.5,
  "1.06": 66.5
 },
 "it": {
  "0.94": 9,
  "0.96": 9,
  "0.98": 9,
  "1.0": 9,
  "1.02": 9,
  "1.04": 9,
  "1.06": 9
 },
 "gb": {
  "0.94": 3.05,
  "0.96": 3.34,
  "0.98": 3.37,
  "1.0": 3.43,
  "1.02": 3.44,
  "1.04": 3.45,
  "1.06": 3.48
 }
}