{
 "struct": "bcc",
 "nspin": 1,
 "fft": [
  35,
  35,
  35
 ],
 "dfact_pdojo": 0.173,
 "E_eV": {
  "0.94": -196.03050303672865,
  "0.96": -196.03261904301934,
  "0.98": -196.0338872920775,
  "1.0": -196.03437935932885,
  "1.02": -196.03416002233237,
  "1.04": -196.03328839116483,
  "1.06": -196.03181826151223
 },
 "V_A3": {
  "0.94": 19.00595399999999,
  "0.96": 19.410335999999987,
  "0.98": 19.814718,
  "1.0": 20.219099999999997,
  "1.02": 20.623482,
  "1.04": 21.027863999999994,
  "1.06": 21.432245999999992
 },
 "mag": {},
 "sec": {
  "0.94": 25.7,
  "0.96": 26.1,
  "0.98": 26.3,
  "1.0": 26.5,
  "1.02": 26.6,
  "1.04": 27.4,
  "1.06": 28.3
 },
 "it": {
  "0.94": 8,
  "0.96": 8,
  "0.98": 8,
  "1.0": 8,
  "1.02": 8,
  "1.04": 8,
  "1.06": 8
 },
 "gb": {
  "0.94": 2.7,
  "0.96": 2.89,
  "0.98": 2.91,
  "1.0": 2.92,
  "1.02": 2.93,
  "1.04": 2.96,
  "1.06": 2.98
 }
}