{
 "struct": "bcc",
 "nspin": 1,
 "fft": [
  32,
  32,
  32
 ],
 "dfact_pdojo": 0.188,
 "E_eV": {
  "0.94": -2064.0063003226714,
  "0.96": -2064.0404822493415,
  "0.98": -2064.059526259435,
  "1.0": -2064.065098871292,
  "1.02": -2064.0586658935736,
  "1.04": -2064.0414600617487,
  "1.06": -2064.014535576038
 },
 "V_A3": {
  "0.94": 15.171035999999988,
  "0.96": 15.493824000000002,
  "0.98": 15.816611999999996,
  "1.0": 16.139399999999995,
  "1.02": 16.462187999999998,
  "1.04": 16.784975999999993,
  "1.06": 17.107764
 },
 "mag": {},
 "sec": {
  "0.94": 55.2,
  "0.96": 49.8,
  "0.98": 52.2,
  "1.0": 51.6,
  "1.02": 51.1,
  "1.04": 52.4,
  "1.06": 53.2
 },
 "it": {
  "0.94": 9,
  "0.96": 8,
  "0.98": 8,
  "1.0": 8,
  "1.02": 8,
  "1.04": 8,
  "1.06": 8
 },
 "gb": {
  "0.94": 3.11,
  "0.96": 3.44,
  "0.98": 3.5,
  "1.0": 3.51,
  "1.02": 3.54,
  "1.04": 3.57,
  "1.06": 3.59
 }
}