{
 "struct": "bcc",
 "nspin": 1,
 "fft": [
  35,
  35,
  35
 ],
 "dfact_pdojo": 1.292,
 "E_eV": {
  "0.94": -1694.8381300708975,
  "0.96": -1694.8597547737063,
  "0.98": -1694.8719341972092,
  "1.0": -1694.8756157435157,
  "1.02": -1694.871594853615,
  "1.04": -1694.8605584283728,
  "1.06": -1694.8431211927173
 },
 "V_A3": {
  "0.94": 17.048592,
  "0.96": 17.411327999999997,
  "0.98": 17.774063999999992,
  "1.0": 18.136799999999994,
  "1.02": 18.499535999999992,
  "1.04": 18.862271999999997,
  "1.06": 19.225007999999995
 },
 "mag": {},
 "sec": {
  "0.94": 71.0,
  "0.96": 64.4,
  "0.98": 63.2,
  "1.0": 64.4,
  "1.02": 68.1,
  "1.04": 65.7,
  "1.06": 66.9
 },
 "it": {
  "0.94": 9,
  "0.96": 8,
  "0.98": 8,
  "1.0": 8,
  "1.02": 8,
  "1.04": 8,
  "1.06": 8
 },
 "gb": {
  "0.94": 3.43,
  "0.96": 3.76,
  "0.98": 3.78,
  "1.0": 3.82,
  "1.02": 3.87,
  "1.04": 3.89,
  "1.06": 3.92
 }
}