{
 "struct": "bcc",
 "nspin": 1,
 "fft": [
  32,
  32,
  32
 ],
 "dfact_pdojo": 1.337,
 "E_eV": {
  "0.94": -2008.3870033526464,
  "0.96": -2008.4044660548436,
  "0.98": -2008.4146910063046,
  "1.0": -2008.418309237868,
  "1.02": -2008.4158907957335,
  "1.04": -2008.4079559640004,
  "1.06": -2008.3949788776072
 },
 "V_A3": {
  "0.94": 12.644880000000004,
  "0.96": 12.913919999999997,
  "0.98": 13.182959999999998,
  "1.0": 13.451999999999998,
  "1.02": 13.721039999999999,
  "1.04": 13.990079999999995,
  "1.06": 14.259120000000001
 },
 "mag": {},
 "sec": {
  "0.94": 53.8,
  "0.96": 54.3,
  "0.98": 55.3,
  "1.0": 55.0,
  "1.02": 56.2,
  "1.04": 52.8,
  "1.06": 50.7
 },
 "it": {
  "0.94": 10,
  "0.96": 9,
  "0.98": 9,
  "1.0": 9,
  "1.02": 9,
  "1.04": 9,
  "1.06": 9
 },
 "gb": {
  "0.94": 2.96,
  "0.96": 3.19,
  "0.98": 3.21,
  "1.0": 3.23,
  "1.02": 3.26,
  "1.04": 3.28,
  "1.06": 3.31
 }
}