{
 "struct": "fcc",
 "nspin": 1,
 "fft": [
  35,
  35,
  35
 ],
 "dfact_pdojo": 0.533,
 "E_eV": {
  "0.94": -5159.450448679049,
  "0.96": -5159.4689508115725,
  "0.98": -5159.481805533984,
  "1.0": -5159.489288284491,
  "1.02": -5159.49174153696,
  "1.04": -5159.489564949497,
  "1.06": -5159.483212692729
 },
 "V_A3": {
  "0.94": 11.234033999999996,
  "0.96": 11.473055999999996,
  "0.98": 11.712078000000002,
  "1.0": 11.951099999999997,
  "1.02": 12.190122000000002,
  "1.04": 12.429143999999996,
  "1.06": 12.668166
 },
 "mag": {},
 "sec": {
  "0.94": 88.4,
  "0.96": 93.6,
  "0.98": 95.2,
  "1.0": 96.0,
  "1.02": 99.3,
  "1.04": 102.6,
  "1.06": 103.3
 },
 "it": {
  "0.94": 10,
  "0.96": 10,
  "0.98": 10,
  "1.0": 10,
  "1.02": 10,
  "1.04": 10,
  "1.06": 10
 },
 "gb": {
  "0.94": 3.25,
  "0.96": 3.53,
  "0.98": 3.55,
  "1.0": 3.58,
  "1.02": 3.6,
  "1.04": 3.64,
  "1.06": 3.67
 }
}