{
 "si": {
  "natoms": 2,
  "fft": [
   32,
   32,
   32
  ],
  "E_eV": {
   "0.94": -1271.45111202883,
   "0.96": -1271.4771845064693,
   "0.98": -1271.4919899579918,
   "1.0": -1271.4966801590697,
   "1.02": -1271.4922222382975,
   "1.04": -1271.4796102525079,
   "1.06": -1271.459636346546
  },
  "V_A3": {
   "0.94": 38.45163999999998,
   "0.96": 39.26976,
   "0.98": 40.08788,
   "1.0": 40.906,
   "1.02": 41.72412,
   "1.04": 42.54223999999997,
   "1.06": 43.36036000000001
  },
  "mag": {}
 },
 "ge": {
  "natoms": 2,
  "fft": [
   40,
   40,
   40
  ],
  "E_eV": {
   "0.94": -8586.20234757109,
   "0.96": -8586.22243066503,
   "0.98": -8586.234145135184,
   "1.0": -8586.237585200215,
   "1.02": -8586.234464357,
   "1.04": -8586.22489307835,
   "1.06": -8586.209692225433
  },
  "V_A3": {
   "0.94": 44.959823999999955,
   "0.96": 45.91641599999999,
   "0.98": 46.87300799999998,
   "1.0": 47.82959999999998,
   "1.02": 48.78619199999998,
   "1.04": 49.74278399999997,
   "1.06": 50.69937599999999
  },
  "mag": {}
 },
 "al": {
  "natoms": 1,
  "fft": [
   24,
   24,
   24
  ],
  "E_eV": {
   "0.94": -537.4525770226979,
   "0.96": -537.4619243982404,
   "0.98": -537.4672117801996,
   "1.0": -537.4688680411629,
   "1.02": -537.4672824930365,
   "1.04": -537.4628120339262,
   "1.06": -537.4557781065048
  },
  "V_A3": {
   "0.94": 15.490823999999995,
   "0.96": 15.820416,
   "0.98": 16.150007999999993,
   "1.0": 16.4796,
   "1.02": 16.809191999999996,
   "1.04": 17.13878399999999,
   "1.06": 17.468376
  },
  "mag": {}
 },
 "cu": {
  "natoms": 1,
  "fft": [
   27,
   27,
   27
  ],
  "E_eV": {
   "0.94": -2899.296075428998,
   "0.96": -2899.3088547482075,
   "0.98": -2899.3162243771576,
   "1.0": -2899.31873799138,
   "1.02": -2899.3171060746995,
   "1.04": -2899.3116314839694,
   "1.06": -2899.3028126049735
  },
  "V_A3": {
   "0.94": 11.234033999999996,
   "0.96": 11.473055999999996,
   "0.98": 11.712078000000002,
   "1.0": 11.951099999999997,
   "1.02": 12.190122000000002,
   "1.04": 12.429143999999996,
   "1.06": 12.668166
  },
  "mag": {}
 },
 "ni": {
  "natoms": 1,
  "fft": [
   35,
   35,
   35
  ],
  "E_eV": {
   "0.94": -5838.919468734893,
   "0.96": -5838.937071747735,
   "0.98": -5838.947644125792,
   "1.0": -5838.952302608174,
   "1.02": -5838.951423901727,
   "1.04": -5838.945544905717,
   "1.06": -5838.935215333665
  },
  "V_A3": {
   "0.94": 10.234343999999997,
   "0.96": 10.452095999999996,
   "0.98": 10.669848000000002,
   "1.0": 10.887599999999997,
   "1.02": 11.105352000000002,
   "1.04": 11.323103999999995,
   "1.06": 11.540856
  },
  "mag": {
   "0.94": 0.6401191821510993,
   "0.96": 0.6583547697640367,
   "0.98": 0.671753385261896,
   "1.0": 0.6815699834394673,
   "1.02": 0.6890270502267335,
   "1.04": 0.6948668083426763,
   "1.06": 0.6995815276488057
  }
 }
}