{
 "si": {
  "natoms": 2,
  "fft": [
   32,
   32,
   32
  ],
  "E_eV": {
   "0.94": -1271.4511120288298,
   "0.96": -1271.477184506469,
   "0.98": -1271.4919899579918,
   "1.0": -1271.4966801590697,
   "1.02": -1271.4922222382975,
   "1.04": -1271.4796102525077,
   "1.06": -1271.4596363465462
  },
  "V_A3": {
   "0.94": 38.45163999999998,
   "0.96": 39.26976,
   "0.98": 40.08788,
   "1.0": 40.906,
   "1.02": 41.72412,
   "1.04": 42.54223999999997,
   "1.06": 43.36036000000001
  },
  "mag": {}
 },
 "ge": {
  "natoms": 2,
  "fft": [
   40,
   40,
   40
  ],
  "E_eV": {
   "0.94": -8586.202347571092,
   "0.96": -8586.222430665031,
   "0.98": -8586.234145135182,
   "1.0": -8586.237585200217,
   "1.02": -8586.234464356998,
   "1.04": -8586.224893078353,
   "1.06": -8586.209692225435
  },
  "V_A3": {
   "0.94": 44.959823999999955,
   "0.96": 45.91641599999999,
   "0.98": 46.87300799999998,
   "1.0": 47.82959999999998,
   "1.02": 48.78619199999998,
   "1.04": 49.74278399999997,
   "1.06": 50.69937599999999
  },
  "mag": {}
 },
 "al": {
  "natoms": 1,
  "fft": [
   24,
   24,
   24
  ],
  "E_eV": {
   "0.94": -537.452577022698,
   "0.96": -537.4619243982412,
   "0.98": -537.4672117801994,
   "1.0": -537.468868041162,
   "1.02": -537.4672824930367,
   "1.04": -537.4628120339263,
   "1.06": -537.4557781065045
  },
  "V_A3": {
   "0.94": 15.490823999999995,
   "0.96": 15.820416,
   "0.98": 16.150007999999993,
   "1.0": 16.4796,
   "1.02": 16.809191999999996,
   "1.04": 17.13878399999999,
   "1.06": 17.468376
  },
  "mag": {}
 },
 "cu": {
  "natoms": 1,
  "fft": [
   27,
   27,
   27
  ],
  "E_eV": {
   "0.94": -2899.2960754289984,
   "0.96": -2899.3088547482093,
   "0.98": -2899.316224377158,
   "1.0": -2899.318737991378,
   "1.02": -2899.317106074699,
   "1.04": -2899.311631483968,
   "1.06": -2899.302812604971
  },
  "V_A3": {
   "0.94": 11.234033999999996,
   "0.96": 11.473055999999996,
   "0.98": 11.712078000000002,
   "1.0": 11.951099999999997,
   "1.02": 12.190122000000002,
   "1.04": 12.429143999999996,
   "1.06": 12.668166
  },
  "mag": {}
 }
}