{
 "si": {
  "natoms": 2,
  "E_eV": {
   "0.94": -214.22140802094276,
   "0.96": -214.26549123585397,
   "0.98": -214.2972074107995,
   "1.0": -214.31777345004335,
   "1.02": -214.3282262992997,
   "1.04": -214.3296342919313,
   "1.06": -214.32277233743304
  },
  "fft": [
   35,
   35,
   35
  ],
  "V_A3": {
   "0.94": 37.624206645,
   "0.96": 38.42472168,
   "0.98": 39.22523671499998,
   "1.0": 40.02575174999998,
   "1.02": 40.82626678499999,
   "1.04": 41.62678181999999,
   "1.06": 42.42729685499999
  }
 },
 "c": {
  "natoms": 2,
  "E_eV": {
   "0.94": -309.7874069096227,
   "0.96": -309.8238494811671,
   "0.98": -309.84468918544627,
   "1.0": -309.85440018075127,
   "1.02": -309.84893523430725,
   "1.04": -309.83497011671324,
   "1.06": -309.81140593459764
  },
  "fft": [
   24,
   24,
   24
  ],
  "V_A3": {
   "0.94": 10.665401036805,
   "0.96": 10.892324463120003,
   "0.98": 11.119247889435,
   "1.0": 11.34617131575,
   "1.02": 11.573094742065,
   "1.04": 11.800018168379998,
   "1.06": 12.026941594694998
  }
 },
 "gaas": {
  "natoms": 2,
  "E_eV": {
   "0.94": -1959.2307712548811,
   "0.96": -1959.2782808984405,
   "0.98": -1959.3127096462601,
   "1.0": -1959.3403069835977,
   "1.02": -1959.357152503512,
   "1.04": -1959.3660182271956,
   "1.06": -1959.3679283169618
  },
  "fft": [
   40,
   40,
   40
  ],
  "V_A3": {
   "0.94": 42.45265131809499,
   "0.96": 43.355899218479976,
   "0.98": 44.259147118865016,
   "1.0": 45.16239501925,
   "1.02": 46.065642919635,
   "1.04": 46.96889082001999,
   "1.06": 47.87213872040499
  }
 },
 "mgo": {
  "natoms": 2,
  "E_eV": {
   "0.94": -1916.1900058046895,
   "0.96": -1916.2321336857042,
   "0.98": -1916.2538496817747,
   "1.0": -1916.2697984445163,
   "1.02": -1916.2785804107361,
   "1.04": -1916.2782653920776,
   "1.06": -1916.2693768345932
  },
  "fft": [
   30,
   30,
   30
  ],
  "V_A3": {
   "0.94": 17.56034119008,
   "0.96": 17.933965470719997,
   "0.98": 18.30758975136,
   "1.0": 18.681214032,
   "1.02": 19.05483831264,
   "1.04": 19.42846259327999,
   "1.06": 19.802086873919993
  }
 },
 "al": {
  "natoms": 1,
  "E_eV": {
   "0.94": -1883.1520105930688,
   "0.96": -1883.1609065851137,
   "0.98": -1883.1656205477543,
   "1.0": -1883.1669368301946,
   "1.02": -1883.1649555589167,
   "1.04": -1883.1597474249872,
   "1.06": -1883.1518441763064
  },
  "fft": [
   27,
   27,
   27
  ],
  "V_A3": {
   "0.94": 15.611079375000006,
   "0.96": 15.943229999999998,
   "0.98": 16.275380625,
   "1.0": 16.60753125,
   "1.02": 16.939681875,
   "1.04": 17.2718325,
   "1.06": 17.603983125000003
  }
 },
 "cu": {
  "natoms": 1,
  "E_eV": {
   "0.94": -4968.868349130091,
   "0.96": -4968.886029109233,
   "0.98": -4968.897938249179,
   "1.0": -4968.904759620276,
   "1.02": -4968.907043423539,
   "1.04": -4968.905315622098,
   "1.06": -4968.900038529264
  },
  "fft": [
   30,
   30,
   30
  ],
  "V_A3": {
   "0.94": 11.101783843124998,
   "0.96": 11.337992009999997,
   "0.98": 11.574200176875003,
   "1.0": 11.810408343750003,
   "1.02": 12.046616510625004,
   "1.04": 12.282824677500003,
   "1.06": 12.519032844374996
  }
 }
}